Country/Region,1990,1991,1992,1993,1994,1995,1996,1997,1998,1999,2000,2001,2002,2003,2004,2005,2006,2007,2008,2009,2010,2011,2012,2013,2014,2015,2016,2017,2018,2019,2020,2021
Afghanistan,1.23,1.31,1.15,1.45,1.89,1.45,1.4,1.47,1.54,1.53,1.64,1.74,1.4,1.4,1.2,1.41,1.5,1.53,1.94,2.25,2.46,3.23,2.61,2.46,2.25,2.37,2.24,2.3,2.44,2.41,2.57,..
Albania,7.05,6.86,5.36,4.8,4.71,3.9,3.82,3.66,3.71,4.41,4.13,3.89,4.1,3.8,3.96,3.76,3.46,3.12,3.01,2.98,2.85,2.91,2.57,2.96,2.93,2.69,2.68,2.7,2.59,2.51,2.41,..
Algeria,4.12,4.41,4.44,4.55,4.43,4.45,4.14,4.19,4.13,4.27,4.18,4.07,4.12,4.08,3.96,3.9,4.1,4.21,4.16,4.48,4.42,4.47,4.72,4.76,5,5.05,4.85,4.93,5.2,5.32,5.32,..
American Samoa,..,..,..,..,..,..,..,..,..,..,..,..,..,..,..,..,..,..,..,..,..,..,..,..,..,..,..,..,..,..,..,..
Andorra,..,..,..,..,..,..,..,..,..,..,..,..,..,..,..,..,..,..,..,..,..,..,..,..,..,..,..,..,..,..,..,..
Angola,3.61,3.66,3.91,5.33,5.33,4.59,4.12,3.89,3.67,3.74,3.69,3.67,3.35,3.51,3.18,2.62,2.63,2.51,2.49,2.73,2.61,2.61,2.71,2.61,3.28,2.86,2.61,2.51,3.01,2.92,2.7,..
Anguilla,..,..,..,..,..,..,..,..,..,..,..,..,..,..,..,..,..,..,..,..,..,..,..,..,..,..,..,..,..,..,..,..
Antigua and Barbuda,3.69,3.72,3.68,3.63,3.53,3.7,3.66,3.72,3.68,3.77,3.67,4,4.29,4.29,4.23,4.24,4.06,3.83,3.85,4.51,4.78,4.86,4.81,4.86,4.77,4.69,4.57,4.47,4.29,4.24,5.13,4.94
Argentina,3.98,3.8,3.62,3.45,3.52,3.62,3.54,3.38,3.47,3.68,3.69,3.59,3.99,3.97,4.04,3.68,3.58,3.44,3.42,3.35,3.26,3.18,3.3,3.31,3.4,3.36,3.41,3.32,3.31,3.35,3.46,3.38
Armenia,17.61,21.02,18.36,10.69,6.38,7.12,7.28,7.36,6.99,6.54,6.79,6.17,5.1,4.72,4.52,4.76,4.28,4.2,4.13,4.18,3.89,4.06,4.15,3.92,4.11,4.12,3.93,3.86,3.51,3.53,4.02,..
Aruba,3.31,3.34,3.2,3.59,3.36,3.51,3.53,3.46,3.6,3.58,16.15,15.63,15.89,16.2,15.29,15.72,15.53,15.52,14.64,16.48,16.58,15.98,6.96,3.33,3.39,3.35,3.23,3.09,3.03,3.15,4.06,3.63
Australia,6.81,6.76,6.86,6.93,6.67,6.51,6.71,6.61,6.48,6.31,6.18,5.93,5.9,5.79,5.65,5.52,5.58,5.53,5.54,5.44,5.34,5.24,4.99,4.93,4.79,4.68,4.54,4.5,4.4,4.33,4.39,4.28
Austria,3.62,3.72,3.5,3.53,3.43,3.49,3.63,3.53,3.46,3.34,3.22,3.36,3.33,3.48,3.44,3.46,3.38,3.19,3.17,3.13,3.28,3.09,3.06,3.1,2.97,3.01,2.98,2.97,2.82,2.82,2.85,2.88
Azerbaijan,17.36,17.32,18.14,21.13,23.89,25.45,21.23,19.33,18.24,15.8,14.7,13.55,12.51,11.94,11.49,9.43,6.91,5.23,5.24,4.29,3.88,4.2,4.47,4.28,4.3,4.26,4.35,4.37,4.32,4.61,4.7,..
Bahamas,2.88,2.96,2.88,2.68,2.64,2.63,2.48,2.08,2.68,2.43,2.33,2.19,2.24,2.32,2.27,2.1,2,2.01,2.08,2.46,2.51,2.35,2.23,2.25,2.33,2.42,2.4,2.62,2.49,2.49,2.89,2.75
Bahrain,11.91,10.56,10.95,10.07,10.75,10.16,10.04,10.66,10.64,10.49,10.43,10.41,10.45,10.3,9.83,10.55,10.36,10.31,10.35,9.7,9.59,9.42,8.64,9.54,8.77,9.05,8.62,8.33,8.24,8.68,9.47,..
Bangladesh,2.88,2.74,2.74,2.73,2.78,2.86,2.76,2.75,2.7,2.68,2.61,2.76,2.69,2.7,2.62,2.58,2.58,2.51,2.48,2.48,2.47,2.4,2.36,2.37,2.31,2.32,2.34,2.27,2.16,2.07,2.01,..
Barbados,5.23,5.92,5.93,5.01,5.23,5.54,5.53,5.95,5.49,5.84,5.92,5.68,5.54,5.5,5.51,5.43,5.18,5.14,5.95,6.09,5.81,6.01,5.66,5.8,5.28,5.12,5.02,4.82,4.94,5.03,4.38,4.43
Belarus,20.98,20.69,19.13,17.64,16.98,17.53,17.53,15.7,14.2,13.37,12.85,12.33,11.96,11.5,10.66,9.74,9.42,8.5,7.72,7.29,7.01,7.06,7.24,6.39,6.4,6.07,6.18,6.14,6.29,5.97,5.83,..
Belgium,5.67,5.81,5.8,5.71,5.87,5.83,6.06,5.86,5.85,5.65,5.51,5.41,5.15,5.32,5.16,5.01,4.83,4.57,4.69,4.59,4.81,4.4,4.19,4.35,4.04,3.95,4.12,4.04,3.82,3.85,3.74,3.89
Belize,9.25,9.82,7.97,7.95,7.9,8.12,7.29,8.3,7.67,6.9,6.82,6.84,6.39,5.72,5.45,5.25,5.51,5.43,4.96,5.38,5.49,6.38,5.52,5.11,4.95,5.89,5.84,5.96,5.78,6.21,6.55,6.04
Benin,6.42,6.26,6.23,6.02,6.03,5.81,6.49,6.37,6.04,5.98,4.88,4.93,5.05,5.15,5.15,5.08,5.76,5.91,5.76,5.91,6,5.82,5.61,5.71,5.54,5.79,6.22,6.11,6.05,5.69,5.77,..
Bermuda,1.81,2.05,1.73,1.97,1.94,1.93,1.91,1.82,1.73,1.65,1.52,1.45,1.54,1.5,1.51,1.48,1.56,1.67,1.51,1.21,1.54,1.2,1.08,1.52,1.95,1.59,1.83,1.79,1.96,1.69,1.41,1.47
Bhutan,24.52,24.75,23.96,23.3,22.52,21.5,20.96,20.55,19.87,18.68,18.42,17.29,15.99,14.96,14.15,13.61,12.99,11.3,11.12,10.69,10.11,9.47,9.51,9.41,9.32,8.7,8.3,8.06,8.37,8.2,8.29,8.89
Bolivia (Plurinational State of),3.42,3.34,3.48,3.58,3.78,4.06,4.36,4.54,4.38,4.27,3.38,3.54,4.1,4.09,3.98,4.21,4.07,3.98,3.82,3.85,4.01,4.09,4.22,3.99,4.16,3.98,4.03,4.03,3.94,3.87,3.55,..
"Bonaire, Sint Eustatius and Saba",..,..,..,..,..,..,..,..,..,..,..,..,..,..,..,..,..,..,..,..,..,..,..,..,..,..,..,..,..,..,..,..
Bosnia and Herzegovina,41.62,41.33,31.11,26.5,9.23,7.96,4.92,5.65,6.07,5.48,6.38,6.02,6.01,5.78,5.94,5.99,5.98,5.65,6.02,6.48,6.7,7.31,6.9,6.51,5.98,5.97,6.33,6.12,6.54,6.15,6.24,..
Botswana,4.7,4.46,4.99,4.91,4.67,4.47,4.12,3.99,4.48,4.22,4.3,4.34,4.16,3.96,3.97,3.92,3.73,3.53,3.49,3.5,3.49,3.14,3.38,3.2,3.35,3.53,3.16,3.17,3.26,2.92,2.88,..
Brazil,3.75,3.78,3.84,3.75,3.73,3.71,3.82,3.88,3.96,4.04,3.88,3.9,3.89,3.91,3.9,3.88,3.86,3.85,3.86,3.74,3.85,3.75,3.82,3.88,3.98,4.05,4.03,4.05,3.93,3.94,4.01,4.01
British Virgin Islands,..,..,..,..,..,..,..,..,..,..,..,..,..,..,..,..,..,..,..,..,..,..,..,..,..,..,..,..,..,..,..,..
Brunei Darussalam,3.92,4.3,4.42,4.24,3.81,4.37,4.28,4.48,4.49,4.44,4.34,3.91,3.68,4.15,3.79,3.65,4.96,5.07,5.68,4.97,5.15,5.94,5.82,4.72,5.66,4.34,4.91,5.87,5.85,6.35,6.05,..
Bulgaria,10.77,9.39,9.25,10.07,9.59,10.12,9.57,10.1,9.41,9.35,9.08,9.11,8.38,8.16,7.45,7.36,7.1,6.53,6.07,5.51,5.52,5.82,5.52,5.13,5.34,5.38,5.09,5.12,4.98,4.73,4.71,..
Burkina Faso,7.03,6.58,6.68,6.56,6.61,6.3,5.85,5.69,5.42,5.35,5.49,5.15,5.08,4.88,4.8,5.55,5.6,5.72,5.72,5.66,5.42,5.2,5.15,5.04,4.91,4.94,4.76,4.72,4.6,4.5,4.43,4.14
Burundi,8.1,7.81,7.65,8.19,8.53,9.26,10.06,10.24,9.83,9.94,10.37,10.52,10.07,10.05,9.66,9.48,9.05,8.83,8.45,8.03,7.93,7.77,7.41,7.42,7.08,7.38,7.56,7.62,7.71,7.62,7.75,7.59
Cabo Verde,5.89,5.54,5.33,4.79,4.18,4.06,3.95,3.68,3.45,3.59,3.28,3.61,3.68,3.72,3.48,3.37,3.39,3.01,2.64,2.92,3.03,3.21,2.72,2.7,2.65,2.64,2.51,2.47,2.5,2.42,2.64,2.52
Cambodia,..,..,..,..,..,9.4,9.14,9.04,9.33,8.51,7.91,7.51,7.05,6.69,6.23,5.73,5.31,5.03,4.76,5.07,5.05,4.81,4.68,4.47,4.5,4.58,4.74,4.59,4.58,4.85,5.09,..
Cameroon,5.24,5.5,5.74,6.45,6.55,6.47,6.37,6.31,6.19,5.97,6,5.82,5.86,5.78,5.57,5.49,4.89,4.41,4.33,4.57,4.47,4.54,4.53,4.52,4.63,4.62,4.51,4.39,4.33,4.24,4.35,..
Canada,10.02,10.21,10.36,10.43,10.33,10.2,10.23,9.91,9.6,9.49,9.31,9.04,8.77,8.89,8.77,8.41,8.2,7.67,7.41,7.34,7.11,7.06,6.99,6.97,6.95,6.86,7.09,7.17,7.08,6.97,6.78,6.63
Cayman Islands,1.88,2.01,2.23,2.3,2.37,2.25,2.28,2.27,1.84,1.78,1.91,1.91,1.96,1.93,1.8,1.75,1.69,1.97,2.01,2.05,2.11,2.2,2,1.95,1.94,1.93,1.84,1.87,1.9,2.06,2.03,..
Central African Republic,9.13,9.2,10.42,10.4,9.28,8.65,7.98,7.81,7.47,7.37,7.73,7.55,7.38,7.93,7.65,7.74,7.59,7.47,7.33,6.89,6.76,6.68,6.25,9.3,9.55,9.4,9.12,8.8,8.56,8.38,8.4,8.46
Chad,8.06,7.54,7.19,8.82,8.18,8.23,8.26,8.01,7.68,7.94,8.21,7.51,7.05,6.56,5,4.35,4.4,4.4,4.23,4.39,3.94,3.97,3.93,3.91,3.72,3.68,3.95,4.1,4.09,3.99,4.11,4.17
Chile,4.53,4.3,4.18,4.02,4.12,4.06,4.21,4.39,4.36,4.65,4.45,4.24,4.25,4.1,4.09,3.99,3.91,3.86,3.68,3.63,3.58,3.67,3.83,3.84,3.4,3.4,3.56,3.56,3.49,3.66,3.58,3.18
China,22.63,20.1,18.2,16.93,15.68,15.18,14.19,12.99,12.1,11.45,10.89,10.38,10.11,10.48,10.84,10.72,10.41,9.81,9.18,8.95,8.93,8.75,8.41,8.05,7.69,7.21,6.71,6.51,6.39,6.31,6.37,..
"China, Hong Kong Special Administrative Region",2.39,2.36,2.63,2.29,2.26,2.16,2.06,1.85,2.51,2.94,2.45,2.4,2.21,2.24,1.87,1.79,1.71,1.75,1.67,1.77,1.57,1.6,1.51,1.45,1.41,1.49,1.5,1.31,1.31,1.32,1.26,..
"China, Macao Special Administrative Region",0.87,0.89,0.78,0.81,0.84,0.8,0.91,0.97,1.06,1.06,1.08,1.12,0.94,0.9,0.79,0.79,0.68,0.58,0.56,0.75,0.51,0.44,0.4,0.35,0.42,0.59,0.61,0.59,0.48,0.5,0.97,0.85
Not available,6.01,6.01,5.77,5.79,5.65,5.58,5.52,5.48,5.63,5.47,5.55,5.9,5.87,5.86,5.74,5.5,5.33,5.24,54.31,5,4.85,4.67,4.53,4.51,4.39,4.27,4.21,4.06,3.99,3.79,3.59,..
Colombia,3.72,3.68,3.62,3.58,3.52,3.4,3.4,3.2,3.31,3.1,3.02,2.97,2.84,2.79,2.67,2.66,2.63,2.45,2.49,2.56,2.41,2.31,2.15,2.68,2.6,2.56,2.6,2.45,2.31,2.44,2.46,2.2
Comoros,2.38,2.6,2.45,2.46,2.65,2.63,2.73,2.71,2.8,2.83,2.66,2.68,2.65,2.88,2.97,2.87,3.02,2.57,2.51,2.65,2.78,2.58,2.59,2.72,2.58,2.66,2.79,3.06,3.11,3.19,3.57,4.3
Congo,2.76,2.81,2.71,2.75,2.51,2.76,2.49,2.4,2.32,2.34,2.16,2.33,2.25,2.63,2.71,2.71,3.28,3.11,3.14,3.21,3.18,4.14,4.32,4.57,4.24,4.62,5.39,5.65,6.12,6.63,7.09,..
Cook Islands,..,..,..,..,..,..,..,..,..,..,..,..,..,..,..,..,..,..,..,..,..,..,..,..,..,..,..,..,..,..,..,..
Costa Rica,2.27,2.35,2.78,2.65,2.5,2.45,2.42,2.33,2.16,2.29,2.41,2.34,2.39,2.45,2.78,2.67,2.71,2.64,2.54,2.58,2.47,2.38,2.36,2.42,2.37,2.23,2.11,1.99,1.91,1.97,1.97,1.93
Côte d'Ivoire,3.57,3.67,4.02,4.17,4.24,3.94,4.11,3.82,3.66,4.31,4.18,4.1,4.51,4.48,6.11,6.26,5.99,6.37,6.11,5.41,4.49,5.4,5.5,5.11,4.71,3.96,3.88,3.72,3.48,3.32,3.43,..
Croatia,4.17,4.56,4.73,5.31,4.93,4.68,4.56,4.54,4.59,4.57,4.28,4.31,4.2,4.26,4.09,3.98,3.77,3.74,3.57,3.72,3.73,3.64,3.51,3.45,3.29,3.35,3.27,3.26,3.08,3.01,3.15,..
Cuba,4.1,3.79,3.76,3.69,3.78,3.68,3.73,3.73,3.49,3.42,3.46,3.28,3.01,2.89,2.67,2.27,2.02,1.79,1.83,1.75,1.85,1.74,1.73,1.6,1.61,1.57,1.54,1.45,1.35,1.27,1.51,..
Curaçao,..,..,..,..,..,..,..,..,..,..,23.03,23.9,23.41,22.23,23.33,22.16,21.34,23.59,22.07,23.08,20.32,21.99,22.55,21.5,24.18,24.81,21.48,18.05,16.42,9.93,9.9,..
Cyprus,3.93,3.97,4.09,4.36,4.71,3.83,4.21,4.01,4.05,3.87,3.93,3.74,3.66,3.88,3.47,3.37,3.34,3.36,3.44,3.45,3.26,3.15,3.07,2.84,2.96,2.93,2.94,2.86,2.71,2.59,2.57,..
Czechia,8.56,8.79,8.61,8.33,7.82,7.44,7.36,7.45,7.24,6.66,6.74,6.71,6.69,6.74,6.58,6.11,5.85,5.53,5.28,5.21,5.39,5.1,5.11,5.11,4.85,4.61,4.44,4.41,4.28,4.09,4.08,4.16
Democratic People's Republic of Korea,8.5,8.55,8.09,7.78,7.24,7.16,6.54,6.68,6.3,6.75,7.23,7.7,7.4,7.57,7.75,8.07,8.01,6.88,7.75,5.8,6.03,4.76,4.81,3.64,3.94,3.18,3.55,6.07,5.71,6.21,5.96,..
Democratic Republic of the Congo,7.84,8.58,9.76,11.5,12.01,12.43,12.99,14,14.58,15.28,16.45,17.37,17.46,17.15,16.71,16.35,16.12,15.72,15.35,15.37,14.88,14.77,17.04,16.51,15.83,14.89,14.91,14.45,13.82,13.45,13.43,..
Denmark,3.62,3.96,3.72,3.82,3.75,3.61,3.97,3.56,3.43,3.19,2.99,3.06,3.01,3.17,2.99,2.83,2.93,2.83,2.78,2.78,2.89,2.63,2.52,2.5,2.32,2.25,2.24,2.19,2.14,2.01,1.96,2.07
Djibouti,5.24,5.55,5.36,5.2,5.35,5.26,5.53,5.68,6.34,6.22,6.03,5.95,6.1,6.13,5.83,5.74,5.12,5.19,5.25,4.43,4.35,3.63,3.3,2.98,2.49,2.42,2.22,2.16,2.18,2.08,1.88,1.86
Dominica,1.77,1.75,1.71,1.77,1.92,2.25,2.07,2.15,2,2.04,2.47,2.64,2.55,2.68,3.1,3.23,2.9,3.25,2.94,3.28,3.02,2.79,3.01,2.91,2.93,3.14,3.02,2.9,2.95,2.92,3.19,3.03
Dominican Republic,3.8,3.79,3.78,3.41,3.82,3.8,3.74,3.83,3.81,3.74,3.9,3.7,3.87,3.53,3.34,3.19,3.03,2.93,2.73,2.64,2.57,2.54,2.54,2.36,2.19,2.21,2.21,2.09,2.06,2,1.9,..
Ecuador,3.12,3.15,3.12,2.85,2.93,3.35,3.47,3.46,3.44,3.25,3.27,3.35,3.48,3.73,3.54,3.65,3.43,3.69,3.07,3.39,3.47,3.38,3.17,3.21,3.38,3.26,3.16,3.18,3.1,3.27,3.12,..
Egypt,4.12,4.07,3.99,4.03,3.73,3.79,3.83,3.77,3.82,3.67,3.27,3.59,3.59,3.62,3.79,4.17,4.12,4.11,3.97,3.88,3.66,3.77,3.8,3.62,3.63,3.45,3.64,3.66,3.44,3.26,3,..
El Salvador,3.71,4.02,3.92,3.9,3.94,4.01,3.8,4.08,4.08,4.15,3.45,3.63,3.68,3.88,3.88,3.88,3.96,3.94,3.91,3.93,3.91,3.75,3.71,3.43,3.33,3.39,3.38,3.25,3.27,3.38,3.38,..
Equatorial Guinea,11.49,11.72,8.71,7.99,6.91,6.01,4.09,2.28,1.74,1.57,1.57,1.03,1.25,1.26,3.16,2.7,2.57,1.9,1.82,1.44,2.36,2.28,2.71,3.48,3.24,3.3,4.08,4.73,3.75,3.03,3.65,4.17
Eritrea,..,..,..,..,..,..,..,..,..,..,..,..,..,..,..,..,..,..,..,..,..,..,..,..,..,..,..,..,..,..,..,..
Estonia,17.09,17.15,14.25,12.79,14.39,12.9,12.84,11.02,9.74,9.15,7.98,7.95,6.95,6.99,7,6.44,5.82,6.28,5.85,5.51,7.11,6.45,5.73,6.29,5.8,4.93,5.98,5.5,5.1,4.1,3.99,4.15
Eswatini,6.75,6.41,6.07,5.51,6.34,5.92,5.28,5.99,6.24,6.42,6.23,5.98,5.89,5.66,5.45,5.32,5.76,5.64,5.61,5.52,5.22,5.18,5.08,5.39,4.74,4.99,5.28,4.44,4.5,4.66,4.69,4.29
Ethiopia,20.3,22.6,25.26,23.3,23.48,22.96,21.13,21.07,22.5,21.98,21.38,20.53,20.82,21.97,19.93,18.24,16.97,15.73,14.65,13.85,12.65,11.81,11.2,10.51,9.95,9.22,8.73,8.2,7.92,7.49,7.21,..
Falkland Islands (Malvinas),..,..,..,..,..,..,..,..,..,..,..,..,..,..,..,..,..,..,..,..,..,..,..,..,..,..,..,..,..,..,..,..
Faroe Islands,..,..,..,..,..,..,..,..,..,..,..,..,..,..,..,..,..,..,..,..,..,..,..,..,..,..,..,..,..,..,..,..
Fiji,3.71,3.4,3.51,3.49,3.58,3.3,3.24,2.89,2.51,2.73,2.75,2.97,2.69,2.79,3.27,2.72,2.91,2.7,2.09,1.87,2.19,2.1,2.02,2.19,2.33,2.3,2.01,2.15,2.12,2.15,1.99,2.21
Finland,7.23,7.8,7.6,8.02,8.24,7.53,7.81,7.62,7.29,6.96,6.57,6.57,6.79,7.02,6.83,6.13,6.41,6,5.71,5.86,6.22,5.83,5.71,5.67,5.81,5.5,5.55,5.34,5.37,5.19,5.07,5.12
France,4.77,4.99,4.83,4.94,4.64,4.74,4.93,4.67,4.64,4.48,4.36,4.42,4.38,4.45,4.39,4.34,4.17,4.02,4.03,3.97,4.02,3.85,3.84,3.83,3.65,3.66,3.56,3.47,3.39,3.28,3.2,3.23
French Guiana,..,..,..,..,..,..,..,..,..,..,..,..,..,..,..,..,..,..,..,..,..,..,..,..,..,..,..,..,..,..,..,..
French Polynesia,2.1,2.08,2,2.1,2.1,2.06,2.03,2.05,2.03,2.07,2.26,2.55,2.53,2.75,2.6,2.73,2.67,2.61,2.69,2.76,2.96,2.74,2.7,2.7,2.6,2.57,2.62,2.55,2.52,2.48,2.6,2.49
Gabon,2.87,2.79,3.08,3.13,2.68,2.8,2.81,2.69,2.77,2.96,3.03,3.18,3.85,4.43,5.1,5.8,6.71,6.98,7.94,8.68,9.09,6.83,5.73,7.97,7.43,7.22,7.1,6.71,6.54,6.13,6.42,..
Gambia,3.19,3.15,3.17,3.2,3.11,3.16,3.11,3,2.99,2.98,3.13,3.1,3.23,3.05,2.94,3.05,3.2,3.22,3.09,3.09,2.92,3.24,3.13,3.01,3.34,3.48,3.45,3.29,3.24,3.24,3.21,3.12
Georgia,9.72,9.98,15.6,19.37,13.32,10.32,9.34,7.41,6.65,5.92,5.99,5.12,4.8,4.6,4.47,4.17,4.06,3.98,3.49,3.74,3.55,3.75,3.68,3.99,4.08,4.18,4.2,4.04,3.82,3.83,3.98,..
Germany,5.04,4.7,4.53,4.53,4.4,4.38,4.49,4.38,4.26,4.09,3.99,4.04,3.96,3.98,3.97,3.92,3.88,3.58,3.59,3.55,3.59,3.27,3.29,3.34,3.12,3.09,3.04,2.97,2.86,2.77,2.73,2.74
Ghana,6.24,6.13,6.11,6.11,6.15,6.19,6.11,6.13,6.19,6.16,4.89,4.7,4.49,4.05,3.78,3.54,3.6,3.39,3.33,3.25,3.33,3.07,3.13,2.93,2.89,2.95,2.87,2.63,2.8,2.78,2.97,..
Gibraltar,..,..,..,..,..,..,..,..,..,..,..,..,..,..,..,..,..,..,..,..,..,..,..,..,..,..,..,..,..,..,..,..
Greece,3.63,3.55,3.61,3.62,3.65,3.61,3.62,3.61,3.65,3.56,3.61,3.58,3.49,3.39,3.29,3.33,3.15,3.05,3.08,3.11,3.09,3.33,3.56,3.21,3.17,3.18,3.13,3.14,3,2.9,2.85,2.69
Greenland,..,..,..,..,..,..,..,..,..,..,..,..,..,..,..,..,..,..,..,..,..,..,..,..,..,..,..,..,..,..,..,..
Grenada,1.92,1.95,2.07,2.22,2.5,2.62,2.56,2.71,2.56,2.59,2.45,2.56,2.58,2.5,2.45,2.27,2.45,2.44,2.52,2.7,2.82,2.69,2.89,3.18,2.36,2.44,2.4,2.38,2.53,2.71,2.71,2.77
Guadeloupe,..,..,..,..,..,..,..,..,..,..,..,..,..,..,..,..,..,..,..,..,..,..,..,..,..,..,..,..,..,..,..,..
Guam,..,..,..,..,..,..,..,..,..,..,..,..,..,..,..,..,..,..,..,..,..,..,..,..,..,..,..,..,..,..,..,..
Guatemala,3.67,3.64,3.66,3.51,3.56,3.59,3.59,3.6,3.72,3.95,4,4.02,4.43,4.41,4.41,4.36,4.17,4.2,3.96,4.22,4.14,4.06,4.13,4.09,4.09,4.16,4.37,4.24,4.25,4.24,4.23,..
Guernsey,..,..,..,..,..,..,..,..,..,..,..,..,..,..,..,..,..,..,..,..,..,..,..,..,..,..,..,..,..,..,..,..
Guinea,10.99,11.14,8.42,8.14,8.05,10.9,10.6,7.27,7.14,9.34,9.11,8.9,8.55,8.5,8.43,8.25,8.23,7.81,7.54,7.75,7.71,7.39,6.93,6.49,6.35,6.37,5.91,5.66,5.29,5.37,5.39,5.28
Guinea-Bissau,10.11,9.72,9.7,9.66,9.36,9.09,8.26,7.95,11.17,11.55,10.99,10.94,11.24,11.6,11.51,11.21,11.15,11.03,10.79,10.64,10.33,9.7,10,9.82,9.93,9.55,9.18,8.76,8.78,8.43,8.71,8.41
Guyana,8.85,6.56,5.88,5.45,6.23,6.21,6.02,6.05,6.2,6.09,5.84,5.75,5.84,6.12,6.3,5.42,4.93,5.14,4.83,5.01,4.73,4.83,4.39,4.01,4.01,4,4.17,3.96,3.9,3.95,2.65,2.16
Haiti,4.04,3.97,4.19,4.42,4.75,4.86,4.84,5.01,4.92,4.91,5.13,5.06,5.19,5.04,5.21,5.22,5.28,5.16,5.09,5.01,5.53,5.51,5.66,5.59,5.38,5.31,5.4,5.37,5.47,5.48,5.31,..
Honduras,5.04,5.26,5.17,4.96,5.14,5.15,5.07,5.3,5.49,5.01,4.65,4.88,4.93,5.12,5.23,4.89,5,5.04,4.91,4.97,4.86,5.17,5.1,4.99,4.94,5.17,5,4.1,4.2,4.35,4.4,..
Hungary,6.23,6.73,6.37,6.55,6.16,6.31,6.47,6.15,5.84,5.63,5.28,5.2,4.96,4.87,4.62,4.77,4.55,4.44,4.34,4.42,4.53,4.35,4.2,3.99,3.82,3.89,3.86,3.86,3.66,3.51,3.62,3.52
Iceland,11.38,9.79,9.53,10.18,10.19,10.27,10.58,9.78,9.7,10.48,11.18,10.4,10.65,10.43,9.57,9.16,10.67,11.69,12.92,14.52,15.02,15.78,15.24,15.2,14.89,13.58,12.05,12.18,12.73,12.26,12.89,12.48
India,7.41,7.67,7.54,7.41,7.27,7.17,6.92,6.94,6.7,6.51,6.42,6.22,6.16,5.84,5.73,5.52,5.39,5.31,5.43,5.5,5.34,5.28,5.29,5.11,5.08,4.82,4.54,4.46,4.4,4.25,4.28,..
Indonesia,5.02,4.93,4.82,4.98,4.63,4.72,4.54,4.48,5.04,5.24,5.42,5.34,5.3,5.07,5.14,4.94,4.79,4.48,4.3,4.34,4.26,4.1,3.84,3.5,3.48,3.26,3.18,3.17,3.24,3.19,3.12,..
Iran (Islamic Republic of),5.51,5.42,5.52,6.03,6.81,6.97,6.32,6.98,6.96,7.74,7.13,7.55,7.23,6.87,7.19,7.73,7.69,7.53,8.05,7.95,7.52,7.47,8.1,8.39,8.57,8.68,8.24,8.73,9.14,9.12,8.78,..
Iraq,6.38,14.13,15.83,15.32,16.78,15.91,13.82,13.79,7.76,5.13,5.16,5.68,5.89,8.24,5.77,5.66,5.21,5.03,5.02,5.21,5.41,5.51,5.35,5.15,4.9,4.44,4.19,4.94,5.45,5.51,5.04,..
Ireland,4.47,4.42,4.23,4.19,4.16,3.83,3.8,3.61,3.52,3.34,3.16,3.13,2.96,2.8,2.71,2.58,2.47,2.4,2.49,2.54,2.49,2.26,2.26,2.22,2,1.66,1.71,1.52,1.42,1.34,1.22,1.11
Isle of Man,..,..,..,..,..,..,..,..,..,..,..,..,..,..,..,..,..,..,..,..,..,..,..,..,..,..,..,..,..,..,..,..
Israel,5.87,4.26,4.69,4.59,4.53,4.46,4.33,4.39,4.32,4.06,4.05,4.25,4.18,4.34,4.03,3.71,3.87,3.73,3.97,3.69,3.76,3.56,3.51,3.06,2.84,2.93,2.81,2.66,2.61,2.48,2.45,2.34
Italy,2.96,2.98,2.94,2.95,2.85,3.01,2.97,2.96,2.99,2.98,2.93,2.88,2.9,3.03,3.01,3.04,2.96,2.91,2.9,2.86,2.88,2.76,2.73,2.68,2.53,2.61,2.55,2.55,2.48,2.44,2.48,2.48
Jamaica,5.27,5.03,5.21,4.77,4.8,4.99,5.27,5.33,5.69,5.77,5.89,5.93,5.57,5.61,5.56,5.4,5.95,5.93,4.78,4.02,3.8,3.96,3.85,4.02,3.89,3.87,4.23,3.87,4.26,4.41,3.6,..
Japan,4.51,4.4,4.46,4.51,4.7,4.7,4.66,4.66,4.63,4.72,4.69,4.59,4.6,4.5,4.55,4.45,4.39,4.29,4.17,4.25,4.29,3.97,3.82,3.77,3.63,3.52,3.47,3.43,3.36,3.28,3.19,3.29
Jersey,..,..,..,..,..,..,..,..,..,..,..,..,..,..,..,..,..,..,..,..,..,..,..,..,..,..,..,..,..,..,..,..
Jordan,4.85,4.93,4.85,4.6,4.69,4.71,4.73,4.68,4.7,4.53,4.55,4.28,4.25,4.17,4.62,4.58,4.35,4.23,3.87,3.89,3.62,3.5,3.8,3.65,3.73,3.84,3.88,4.01,3.82,3.65,3.54,..
Kazakhstan,13.96,16,17.78,16.3,16.52,16.17,13.97,11.96,12.14,10.8,9.77,8.33,8.73,8.66,9.31,8.51,9.15,9.16,9.38,8.42,8.55,8.9,8.12,8.45,6.48,5.38,6.22,6.08,6.65,6.27,5.78,..
Kenya,5.23,5.25,5.43,5.54,5.47,5.51,5.5,5.55,5.6,5.61,5.79,5.66,5.71,5.58,5.66,5.56,5.46,5.22,5.37,5.53,5.26,5.2,5.01,5.07,5.25,5.47,5.4,5.38,5.24,5.08,5.12,..
Kiribati,5.1,5.21,5.21,5.57,5.56,5.64,5.77,5.7,5.26,5.36,5.71,5.59,5.74,5.74,6.05,6.07,6.26,6.18,6.2,6.11,7.01,6.68,6.33,6.14,6.32,5.97,5.78,6.77,6.47,6.54,6.48,6.38
Kuwait,6.08,2.99,5.45,5.7,6.16,6.02,5.89,5.8,6.38,6.96,6.91,7.36,7.21,6.59,6.6,6.78,5.8,5.28,6.11,6.84,7.42,6.58,6.67,5.57,5.68,7.08,7.3,7.18,6.99,7.39,8.47,..
Kyrgyzstan,13.84,13.63,11.6,10.67,9.64,8.7,9.39,8.04,8.38,7.06,6.44,5.68,6.39,6.35,5.85,5.93,5.66,6.08,6,5.33,5.11,5.8,7.25,6.16,6.21,5.82,5.41,5.15,5.88,4.96,5.09,..
Lao People's Democratic Republic,7.13,6.96,6.68,6.37,5.93,5.61,5.36,5.09,4.96,4.69,3.79,3.74,3.63,3.54,3.44,3.32,3.39,3.39,3.51,3.47,3.31,3.11,2.93,2.98,2.93,3.83,4.75,4.9,4.7,4.35,4.33,4.28
Latvia,6.87,7.21,9.13,9.25,8.31,8.07,7.73,6.96,6.4,5.72,5.22,5.26,4.87,4.77,4.52,4.16,3.85,3.58,3.54,3.97,4.25,3.91,3.79,3.65,3.59,3.39,3.31,3.31,3.35,3.16,3.14,3.14
Lebanon,3.89,3.22,2.8,3.63,3.68,3.96,3.76,4.19,3.98,4.19,3.76,3.88,3.73,3.62,3.42,3.18,2.91,2.27,2.72,3.14,2.8,2.77,3.05,2.89,3,3.28,3.33,3.5,3.36,3.63,3.98,..
Lesotho,15.9,15.26,14.69,14.55,14.05,13.87,13.38,13.2,13.21,14.36,13.95,13.59,13.61,12,12.05,11.9,11.62,11.4,11.05,11.61,11.07,11.95,11.13,9.32,9.15,8.28,7.81,8.38,8.08,7.92,8.06,10.46
Liberia,9.98,11.06,16.17,22.83,27.95,29.31,27.78,14.99,12.82,11.27,9.73,9.86,9.92,14.89,15.22,15.33,14.71,13.74,13.05,12.69,13.09,12.67,12.29,11.41,11.48,11.17,11.8,12.64,11.93,13.76,14.02,13.21
Libya,3.91,3.43,3.5,3.78,4.19,4.53,4.65,4.48,4.77,4.63,4.73,5.06,5.24,4.64,4.56,4.25,3.75,2.97,3.31,3.82,4.18,6.9,4.25,4.68,8,6.48,6.52,4.75,4.31,6.33,6.06,..
Liechtenstein,..,..,..,..,..,..,..,..,..,..,..,..,..,..,..,..,..,..,..,..,..,..,..,..,..,..,..,..,..,..,..,..
Lithuania,10.1,11.36,9.33,9.2,9.09,9.45,9.69,8.49,8.29,7.14,6.17,6.72,6.75,6.37,6.06,5.31,4.86,4.74,4.66,5.03,3.98,3.89,3.78,3.45,3.34,3.3,3.3,3.31,3.22,3.07,3.01,2.98
Luxembourg,5.24,5.16,5.08,4.94,4.6,4.01,4.02,3.71,3.36,3.23,3.24,3.31,3.33,3.42,3.65,3.63,3.39,3.05,3.06,2.97,3.05,2.99,2.88,2.71,2.54,2.42,2.28,2.3,2.33,2.29,2.02,2
Madagascar,4.63,5.17,5.3,5.43,5.71,5.9,5.99,6.14,6.28,6.09,6.07,5.73,6.38,6.18,6.08,5.9,5.69,5.58,5.48,5.84,6.08,6.34,6.48,6.7,7.02,7.4,7.86,8.03,8.5,8.56,9.4,9.46
Malawi,7.15,6.64,7.26,6.36,7.46,6.28,5.78,5.57,5.41,5.24,5.2,5.42,5.56,5.33,5.14,5,4.76,4.51,4.39,4.08,3.79,3.73,3.71,3.56,3.33,3.31,3.3,3.18,3.26,3.12,3.16,2.95
Malaysia,4.78,5.41,5.49,5.41,4.93,4.87,4.9,5.33,5.46,5.22,5.48,5.67,5.56,5.63,5.68,5.85,5.57,5.59,5.65,5.42,5.24,5.19,4.99,5.38,5.18,4.72,4.69,4.28,4.5,4.44,4.51,..
Maldives,1.39,1.09,1.49,1.2,1.15,1.34,1.44,1.52,1.28,1.68,1.74,1.85,2.2,1.66,2.07,2.16,2.11,2.06,2.02,2.29,2.25,2.19,2.4,2.22,2.47,2.34,2.47,2.42,2.56,2.69,3.42,3.11
Mali,5.09,4.72,4.99,5.03,5,5.06,4.84,4.79,4.74,4.63,4.82,4.38,4.73,4.77,5,4.79,4.7,4.84,4.73,4.77,4.88,5.12,5.52,5.58,5.45,5.24,5.33,5.27,5.13,5.15,5.42,5.31
Malta,5.09,4.64,4.38,5.36,4.6,3.98,3.78,4.03,3.38,3.52,2.64,3.11,2.82,3.05,3.06,3.03,2.96,2.89,2.82,2.61,2.58,2.55,2.6,2.15,2.01,1.52,1.36,1.39,1.32,1.33,1.38,..
Marshall Islands,..,..,7.48,7.41,7.33,7.06,7.99,8.49,8.73,8.82,9.35,9.03,9.42,9.41,9.78,9.55,10.04,10.24,11.01,10.94,10.54,10.6,10.66,10.5,10.72,10.73,10.63,10.49,10.24,9.64,9.72,9.93
Martinique,..,..,..,..,..,..,..,..,..,..,..,..,..,..,..,..,..,..,..,..,..,..,..,..,..,..,..,..,..,..,..,..
Mauritania,2.47,2.48,2.51,2.42,2.56,2.42,2.36,2.5,2.45,2.41,2.55,2.67,2.79,2.69,2.71,2.59,2.2,2.44,2.6,2.79,2.81,2.81,2.87,2.58,2.81,3,2.73,3.11,3.25,3.17,3.41,3.42
Mauritius,3.3,3.22,3.17,3.15,2.98,3.05,2.94,2.86,2.87,2.93,3,3.05,2.97,2.94,2.87,2.92,2.97,2.83,2.75,2.59,2.62,2.53,2.48,2.44,2.4,2.39,2.3,2.25,2.15,2.13,2.21,..
Mayotte,..,..,..,..,..,..,..,..,..,..,..,..,..,..,..,..,..,..,..,..,..,..,..,..,..,..,..,..,..,..,..,..
Mexico,4.13,4.16,4.05,4.04,3.93,4.06,3.89,3.83,3.75,3.75,3.6,3.72,3.76,3.97,3.89,4.01,3.9,3.8,3.78,3.9,3.68,3.72,3.68,3.64,3.47,3.3,3.21,3.07,3.06,3.04,3.21,3.26
Micronesia (Federated States of),..,..,6.2,6.12,6.53,7.04,7.52,8.4,8.67,7.96,7.2,6.56,5.95,6.18,5.69,4.51,4.55,5.19,4.66,5.91,4.1,4.51,5.07,5.5,5.74,5.67,5.71,5.54,5.58,5.53,5.58,5.7
Mongolia,13.13,16.09,15.52,14.99,12.69,11.91,9.81,9.25,9.02,8.76,9.25,9.06,9.26,8.45,7.87,8.45,8.85,8.41,7.76,8.16,8.13,7.59,7.02,7.2,6.87,5.9,6.21,6.05,6.31,6.92,6.64,..
Montenegro,..,..,..,..,..,..,..,..,..,..,..,..,..,..,..,4.96,5.06,4.71,4.73,3.98,4.55,4.39,4.25,3.8,3.64,3.68,3.47,3.48,3.42,3.4,3.76,..
Montserrat,..,..,..,..,..,..,..,..,..,..,..,..,..,..,..,..,..,..,..,..,..,..,..,..,..,..,..,..,..,..,..,..
Morocco,3.34,3.27,3.54,3.7,3.59,3.76,3.51,3.68,3.5,3.68,3.63,3.58,3.53,3.32,3.75,3.84,3.64,3.62,3.55,3.43,3.47,3.55,3.5,3.36,3.32,3.25,3.23,3.24,3.18,3.33,3.36,..
Mozambique,39.75,37.67,40.61,37.45,35.64,35.77,32.87,30.51,28.15,25.81,26.91,25.24,23.75,23.38,22.44,21.44,20.21,15.17,14.49,14.82,12.66,14.72,13.88,13.89,13.38,12.95,12.68,12.29,12.05,11.9,11.79,..
Myanmar,19.18,18.66,18.41,16.95,16.87,16.28,15.29,14.72,14.29,13.22,12.13,10.54,9.75,9.36,8.67,7.65,6.83,6.29,5.45,4.66,4.16,3.92,4.03,3.92,3.97,3.97,3.85,4.18,3.95,3.7,3.59,..
Namibia,..,3.1,3.06,3.35,3.54,3.73,3.88,3.8,3.81,3.66,3.58,4.17,3.67,3.67,3.53,3.71,3.47,3.36,3.62,3.73,3.57,3.47,3.42,3.39,3.31,3.28,3.38,3.42,3.45,3.48,3.51,..
Nauru,7.78,9.62,10.94,12.39,12.55,13.27,14.2,15.6,17.17,17.19,17.4,17.11,18.28,16.08,15.67,15.81,10.21,12.46,10.43,9.14,8.73,7.49,7.02,6.05,5.13,5.38,5.03,5.68,5.16,5.06,5.09,5.31
Nepal,7.95,7.72,7.59,7.5,7.18,7.16,6.96,6.84,6.81,6.88,6.84,6.74,6.81,6.74,6.53,6.52,6.31,6.22,6.07,5.97,5.87,5.87,5.39,5.86,5.72,5.47,5.93,5.76,5.68,5.24,5.69,..
Netherlands,5.15,5.22,5.09,5.14,5.01,5.02,5.09,4.75,4.57,4.28,4.15,4.16,4.19,4.34,4.3,4.14,3.97,3.81,3.7,3.79,4.01,3.67,3.71,3.64,3.38,3.39,3.38,3.31,3.17,3.04,3.06,2.98
New Caledonia,6.91,7.41,6.63,7.6,7.94,8.13,8.49,7.23,7.13,7.92,7.9,6.51,8.09,9.12,8.17,9.02,8.39,9.12,8.98,9.42,10.76,10.66,10.94,11.61,14.19,13.54,14.73,14.49,15.05,14.27,14.09,11.87
New Zealand,5.74,5.95,6.01,5.96,5.87,5.69,5.69,5.82,5.66,5.59,5.6,5.42,5.17,4.87,4.8,4.53,4.41,4.34,4.45,4.48,4.57,4.46,4.61,4.54,4.6,4.48,4.27,4.12,3.92,4,3.89,3.87
Nicaragua,5.86,6.21,6.39,6.32,5.95,6,5.75,5.79,5.61,5.32,5.23,5.13,5.09,5.15,5.16,5.03,5,4.84,4.69,4.82,4.73,4.53,4.61,4.53,4.46,4.5,4.46,4.36,4.46,4.69,4.62,..
Niger,6.72,6.89,6.91,7.19,7.24,7.25,7.57,9.25,8.64,8.85,5.83,5.6,5.53,5.65,5.89,5.54,5.38,5.45,5.3,5.51,5.47,4.65,4.97,5.9,5.63,5.49,5.34,5.14,5.04,4.99,4.97,..
Nigeria,8.96,9.36,9.3,9.64,9.58,9.75,9.74,9.85,9.72,9.99,10.01,9.86,8.81,8.6,7.99,7.94,7.53,7.33,7.07,6.43,6.82,7.06,6.84,6.54,6.3,6.04,6.36,6.31,6.17,6.41,6.56,..
Niue,..,..,..,..,..,..,..,..,..,..,..,..,..,..,..,..,..,..,..,..,..,..,..,..,..,..,..,..,..,..,..,..
North Macedonia,4.57,4.77,5.68,6.3,5.72,5.85,6.83,6.12,6.37,5.73,5.39,5.37,5.19,5.61,5.27,5.34,5.17,5.03,4.72,4.39,4.33,4.62,4.42,3.99,3.74,3.55,3.49,3.51,3.23,3.39,3.31,..
Northern Mariana Islands,..,..,..,..,..,..,..,..,..,..,..,..,..,..,..,..,..,..,..,..,..,..,..,..,..,..,..,..,..,..,..,..
Norway,4.94,4.94,4.85,5.02,4.68,4.58,4.23,4.25,4.33,4.44,4.27,4.3,3.94,4.23,4.3,4.28,4.21,3.83,4.44,4.43,4.58,3.84,4.17,4.37,3.75,3.81,3.56,3.72,3.65,3.37,3.36,3.53
Oman,3.21,4.07,3.54,3.74,3.62,3.49,3.47,3.52,3.45,3.58,3.58,3.49,3.75,4,4.12,4.53,6.7,7.36,5.98,5.75,6.61,7.61,7.55,7.35,7.25,7.16,6.59,7.05,6.78,6.31,7.17,..
Pakistan,5.1,4.97,4.91,5.07,5.09,5.06,5.05,5.13,5.09,5.19,5.12,5.03,4.98,4.93,4.91,4.78,4.71,4.75,4.59,4.53,4.53,4.44,4.35,4.26,4.26,4.18,4.16,4.17,4.02,3.94,3.97,..
Palau,..,..,12.05,13.79,12.89,11.01,10.04,9.75,9.61,9.97,11.09,10.62,10.27,10.55,10.17,10.21,10.35,11.46,9.85,10,10.56,10.1,10.41,11.05,9.98,8.63,8.94,9.47,9.42,9.88,10.5,12.7
Panama,2.34,2.32,2.44,2.35,2.4,2.4,2.46,2.41,2.6,2.47,2.27,2.58,2.29,2.2,2.03,2.14,2.1,1.87,1.63,1.77,1.85,1.85,1.74,1.58,1.58,1.51,1.49,1.42,1.38,1.54,1.52,..
Papua New Guinea,7.86,7.2,6.34,5.37,5.16,5.25,5.02,5.47,5.97,5.6,5.88,6.32,6.57,6.78,6.98,6.76,6.51,7.55,6.73,6.49,5.66,5.91,5.49,5.93,5.63,5.45,5.3,5.03,5.36,5.26,5.51,5.27
Paraguay,3.59,3.59,3.51,3.47,3.61,3.69,3.72,3.88,3.83,3.71,3.56,3.65,3.62,3.55,3.44,3.33,3.27,3.16,3.18,3.25,3.12,3.04,3.07,2.86,2.84,3.01,3.4,3.42,3.4,3.39,3.32,..
Peru,3.52,3.38,3.3,3.35,3.09,3.07,3.08,2.8,3.27,3.4,3.32,3.19,3.03,2.86,2.96,2.95,2.65,2.6,2.62,2.62,2.51,2.72,2.75,2.5,2.57,2.57,2.57,2.54,2.56,2.59,2.46,..
Philippines,4.32,4.51,4.74,4.39,4.67,4.7,4.58,4.59,4.78,4.75,4.7,4.34,4.24,4.04,3.76,3.69,3.47,3.34,3.35,3.22,3.14,3.06,2.98,2.88,2.9,2.96,2.93,2.9,2.81,2.66,2.79,..
Poland,10.01,10.55,10.04,9.92,8.97,8.66,8.49,7.87,7.01,6.52,5.98,5.94,5.76,5.71,5.46,5.34,5.29,4.92,4.78,4.47,4.61,4.42,4.22,4.17,3.89,3.76,3.82,3.81,3.79,3.48,3.47,3.47
Portugal,2.99,2.89,3.05,3.07,3.12,3.3,3.16,3.19,3.29,3.4,3.29,3.26,3.37,3.3,3.34,3.39,3.17,3.12,3.03,3.09,2.93,2.89,2.83,2.86,2.8,2.85,2.78,2.8,2.63,2.53,2.56,2.41
Puerto Rico,0.01,0.01,0.01,0.01,0,0,0.01,0,0,0.01,0.11,0.18,0.18,0.21,0.18,0.18,0.2,0.21,0.23,0.22,0.23,0.22,0.39,0.47,0.49,0.47,0.53,0.42,0.56,0.63,0.47,..
Qatar,10.17,11.45,10.75,11.3,11.18,11.32,11.51,10.41,9.82,9.99,8.92,9.49,10.01,9.99,9.88,9.19,8.56,8.2,7.16,6.82,6.38,5.55,7.32,7.42,6.83,6.55,6.2,7.14,6.83,6.86,7.17,..
Republic of Korea,7.17,6.96,7.27,7.63,7.42,7.42,7.47,7.66,7.37,7.31,7.24,7,6.82,6.75,6.59,6.38,6.16,6.05,6.01,6.02,6.14,6.17,6.1,5.92,5.83,5.76,5.8,5.62,5.45,5.3,5.27,5.32
Republic of Moldova,9.71,9.81,11.48,10.34,12.5,11.75,10.73,10.07,9.95,8.98,8.14,8.12,7.64,7.78,7.28,7.06,6.6,6.26,5.77,5.84,6.38,6.12,6.13,5.05,5.19,5.29,5.19,5.02,5.09,4.82,5.08,..
Réunion,..,..,..,..,..,..,..,..,..,..,..,..,..,..,..,..,..,..,..,..,..,..,..,..,..,..,..,..,..,..,..,..
Romania,8.41,7.96,7.87,7.68,6.97,7.1,7.01,6.92,6.46,5.72,5.58,5.4,5.28,5.38,4.74,4.51,4.32,4.01,3.66,3.4,3.56,3.57,3.41,3,2.86,2.8,2.67,2.61,2.52,2.39,2.42,..
Russian Federation,11.58,12.09,12.91,13.35,13.35,13.5,13.89,13.08,13.49,13.13,12.14,11.67,11.1,10.71,10.03,9.49,9.02,8.34,8.11,8.27,8.48,8.39,8.17,7.8,7.76,7.77,7.99,7.99,8.25,8.09,8.15,8.42
Rwanda,5.18,5.21,4.92,5.37,9.39,12.46,11.8,12.92,12.02,12.01,7.8,7.19,6.35,6.2,5.77,6.95,6.54,6.31,5.88,5.73,5.56,5.37,5.14,5.08,4.87,4.58,4.35,4.28,4.02,3.72,3.86,3.49
Saint Helena,..,..,..,..,..,..,..,..,..,..,..,..,..,..,..,..,..,..,..,..,..,..,..,..,..,..,..,..,..,..,..,..
Saint Kitts and Nevis,3.78,3.61,3.52,3.58,3.79,3.49,3.23,3.47,3.48,3.4,3.3,3.22,3.44,3.67,3.72,3.18,2.71,2.85,2.56,2.71,2.74,2.79,2.75,2.61,2.46,2.5,2.48,2.47,2.44,2.36,2.59,2.59
Saint Lucia,2.55,2.59,2.59,2.75,2.89,2.93,2.99,3.01,3.01,3.04,3.05,3.27,3.22,3.22,3.1,3.06,2.99,2.96,2.83,2.9,3.17,2.98,3,3.08,3.02,3.01,2.86,2.87,2.86,2.81,3.43,3.35
Saint Pierre and Miquelon,..,..,..,..,..,..,..,..,..,..,..,..,..,..,..,..,..,..,..,..,..,..,..,..,..,..,..,..,..,..,..,..
Saint Vincent and the Grenadines,1.8,1.8,1.73,1.99,2.35,2.34,2.35,2.28,2.64,2.58,2.28,2.64,2.7,2.66,2.81,2.75,2.54,2.65,2.46,3.16,2.65,2.63,2.71,2.51,2.88,2.61,2.58,2.25,2.47,2.29,2.62,2.56
Samoa,4.77,5.07,5.28,5.36,5.5,5.49,5.49,5.59,5.82,5.7,5.67,4.96,4.71,4.68,4.44,4.26,3.92,3.93,3.53,3.63,3.75,3.59,3.86,3.94,4.11,4.3,4.1,4.17,4.19,4.36,4.13,4.53
Sao Tome and Principe,4.62,4.63,4.5,4.51,4.43,4.4,4.39,4.4,4.45,4.39,4.53,4.37,4.48,4.52,4.64,4.5,4.22,4.12,3.98,4.02,4.17,3.8,3.84,3.65,3.82,3.91,3.99,3.7,3.58,3.63,3.42,3.43
Saudi Arabia,3.61,3.66,4.01,4.22,4.41,4.4,4.59,4.37,4.52,4.78,5.16,5.38,6.25,5.63,5.11,5.11,5.36,5.55,5.75,6.35,6.73,6.38,6.27,6.03,6.44,6.32,6.26,6.42,6.05,6.03,6.23,..
Senegal,3.79,3.67,3.85,3.78,3.76,3.78,3.79,3.9,3.89,3.86,3.95,4.09,4.13,3.78,3.87,3.79,3.72,3.88,3.92,4.59,4.68,4.79,4.51,4.07,4.15,4.19,3.93,3.65,3.48,3.66,3.51,..
Serbia,6.63,6.36,8.15,9.98,8.96,9.63,10.88,10.74,10.35,8.3,8.47,8.63,8.66,8.72,8.73,7.34,7.41,6.78,6.53,6.05,6.19,6.29,5.69,5.66,5.12,5.59,5.6,5.61,5.28,5.04,5.26,..
Seychelles,2.13,2.35,2.21,2.21,2.45,2.43,2.7,2.8,2.73,2.81,2.85,3.12,3.17,3.27,3.75,3.44,3.16,3.01,3.17,3.42,3.2,2.69,2.77,2.59,2.74,2.83,2.98,2.96,3.01,2.88,3.18,3.13
Sierra Leone,8.03,7.83,8.83,8.53,8.59,9.54,9.37,10.59,10.71,11.07,10.94,12.01,9.82,9.11,8.54,8.01,8.01,7.32,6.99,6.82,6.6,6.5,5.81,5.07,4.98,6.25,6.02,5.75,5.52,5.26,5.43,5.54
Singapore,4.25,4.51,4.8,5.28,5.78,4.6,4.47,4.63,4.28,3.68,3.47,4,3.83,4.43,4.83,3.08,3.03,2.57,2.9,3.06,2.48,2.06,2.32,2.4,2.53,2.69,2.67,2.77,2.47,2.59,2.5,..
Sint Maarten (Dutch part),..,..,..,..,..,..,..,..,..,..,..,..,..,..,..,..,..,..,..,..,..,..,7.94,8.01,8.02,8.18,8.2,8.49,9.01,8.62,8.25,8.58
Slovakia,11.49,12.06,12.21,11.76,10.87,10.47,9.99,9.44,8.8,8.86,8.8,8.93,8.61,8.12,7.59,7.31,6.67,5.76,5.6,5.41,5.42,5.14,4.87,4.92,4.51,4.41,4.35,4.46,4.27,4.1,4.16,4.34
Slovenia,5.43,5.8,5.7,5.81,5.74,5.94,6,5.94,5.64,5.34,5.23,5.39,5.21,5.14,5.07,5.06,4.77,4.51,4.59,4.45,4.51,4.47,4.4,4.33,4.09,3.95,3.95,3.88,3.67,3.5,3.46,3.2
Solomon Islands,7.27,6.99,6.33,6.22,5.93,5.54,5.57,5.71,5.72,5.89,6.99,7.75,8.15,7.83,7.59,7.32,7.11,6.89,6.62,6.59,6.19,5.93,5.82,5.85,5.37,5,4.66,4.4,4.28,4.26,4.43,4.41
Somalia,6.52,6.7,7.99,8.07,10.43,10.68,10.67,11.36,11.38,11.4,11.21,11.3,11.35,11.47,11.45,11.44,11.59,11.52,11.73,11.81,11.86,11.78,11.68,11.94,11.18,9.73,9.45,9.43,8.97,8.51,8.48,8.42
South Africa,9.06,9.41,9.17,9.65,9.8,10.03,9.9,9.83,9.97,9.57,9.22,8.65,7.94,8.66,9.01,8.24,7.94,8.19,8.61,8.86,7.99,7.89,7.36,7.13,7.44,6.95,7.16,7.05,6.75,6.72,6.95,..
South Sudan,..,..,..,..,..,..,..,..,..,..,..,..,..,..,..,..,..,..,..,..,..,..,..,..,..,..,..,..,..,..,..,..
Spain,3.52,3.56,3.6,3.49,3.59,3.66,3.51,3.6,3.62,3.63,3.6,3.56,3.57,3.58,3.63,3.57,3.43,3.36,3.22,3.08,3.07,3.05,3.13,2.97,2.86,2.86,2.79,2.85,2.77,2.64,2.66,2.67
Sri Lanka,3.44,3.34,3.28,3.23,2.94,2.88,3.1,3.02,2.93,3,3.12,3.06,3,3,2.88,2.78,2.6,2.48,2.28,2.24,2.21,2.07,1.95,1.74,1.78,1.77,1.85,1.71,1.65,1.68,1.73,..
State of Palestine,3.23,3.45,2.87,2.66,2.36,2.2,2.29,1.82,2.43,2.12,2.85,2.7,3.11,2.94,3.4,3.58,3.2,3.2,2.85,2.68,2.61,2.61,2.43,2.44,2.76,2.81,2.74,2.68,2.55,2.75,3.15,2.91
Sudan,6.25,5.8,5.44,5.05,5.8,5.49,5.31,4.58,4.44,4.78,4.25,4.23,4.28,3.91,3.72,3.64,3.66,3.33,3.26,3.51,3.2,3.54,3.65,4.44,4.37,4.31,4.16,4.22,4.4,4.52,4.76,..
Suriname,..,..,..,..,..,..,..,..,..,..,4.15,4.29,3.04,3.04,3.07,3.37,3.07,2.81,2.88,2.79,3.12,3.7,3.07,3.66,3.85,3.56,4.14,3.85,3.5,3.97,4.71,..
Sweden,6.76,7.05,6.82,6.96,7.16,6.97,7.02,6.65,6.49,6.12,5.54,5.81,5.83,5.57,5.54,5.26,4.9,4.71,4.7,4.5,4.77,4.52,4.59,4.48,4.25,3.76,3.96,3.97,3.97,3.79,3.56,3.54
Switzerland,2.69,2.75,2.77,2.7,2.69,2.64,2.68,2.66,2.62,2.58,2.44,2.56,2.49,2.5,2.44,2.36,2.37,2.16,2.19,2.25,2.11,2,2,2.05,1.87,1.8,1.72,1.7,1.66,1.68,1.64,1.54
Syrian Arab Republic,16.38,16.57,14.03,13.29,12.93,12.78,12.28,12.7,13.26,13.69,13.64,13.85,13.84,12.98,12.69,14.36,14.22,14.09,13.74,12.08,11.58,10.76,11.27,11.6,12,11.11,11.07,11.13,12.91,10.82,10.68,..
Tajikistan,10.28,10.57,12.16,11.39,11.1,11.34,13.14,12.88,12.86,12.33,10.92,9.84,8.91,8.18,8.02,7.5,7.23,7.17,6.32,5.29,5.06,4.73,4.76,4.45,4.47,4.57,4.49,4.33,4.36,4.43,4.4,..
Thailand,4.42,4.41,4.35,4.24,4.34,4.37,4.63,4.85,4.92,5.02,4.93,4.9,5.1,5.15,5.24,5.18,5.03,4.95,4.99,5,5.1,5.05,5.05,5.29,5.22,5.07,5.02,4.79,4.5,4.52,4.63,..
Timor-Leste,..,..,..,..,..,..,..,..,..,..,..,..,1.71,1.73,1.8,1.73,1.8,1.65,1.56,1.52,1.42,1.36,1.47,1.66,1.89,1.79,1.99,2.21,2.09,2.09,1.81,1.73
Togo,7.84,8.09,8.53,10.09,9.92,9.69,9.98,8.6,9.41,10.49,10.56,10.44,10.42,10.31,10.52,11.25,10.94,11.5,11.51,13.27,12.5,11.82,11.06,10.12,9.96,9.17,9.36,8.26,8.48,8.39,8.68,..
Tonga,3.3,3.32,2.83,3.06,3.1,3.1,2.51,3.03,2.81,3.24,2.97,2.64,2.66,3.21,3.11,3.1,3.56,3.17,3.21,3.67,3.1,2.68,2.69,2.79,2.68,2.72,2.78,2.84,2.87,3.42,3.96,3.82
Trinidad and Tobago,19.67,18.96,18.94,17.76,17.38,16.21,18.6,17.86,17.82,18.72,18.8,20.05,20.07,19.75,18.7,20.54,20.24,20.56,19.29,20.26,20.87,20.84,20.17,19.6,20.23,19.16,17.9,18.55,18.82,19.16,17.71,..
Tunisia,4.34,4.13,4.26,4.06,4.25,4.21,4.11,4.02,4.18,4.07,4.03,4.1,4.1,4.02,3.99,3.79,3.79,3.67,3.67,3.46,3.77,3.68,3.68,3.66,3.61,3.66,3.67,3.7,3.64,3.54,3.69,..
Türkiye,3.16,3.09,3.07,3.04,3.15,3.2,3.25,3.17,3.14,3.2,3.27,3.2,3.17,3.18,2.97,2.84,2.94,3.02,2.94,3.08,3.06,2.92,2.92,2.63,2.59,2.65,2.72,2.71,2.59,2.61,2.57,2.49
Turkmenistan,27.53,25.03,20.18,20.1,30.82,34.17,27.98,31.62,30.88,31.38,29.85,24.27,20.25,27.14,32.57,28.09,26.15,23.34,25.06,20.74,21.67,20.42,18.43,15.97,14.08,13.63,12.88,12.1,11.4,11.1,11.14,..
Turks and Caicos Islands,4.56,4.3,4.1,3.84,3.55,3.41,3.07,3.38,3.14,3.27,3.37,3.35,4.4,4.15,3.83,3.93,3.84,4.26,4.09,5.26,5.39,5.15,5.2,5.2,5.14,4.75,4.6,5.09,4.92,4.72,6.34,6.34
Tuvalu,2.48,2.46,2.73,2.87,2.27,2.68,2.67,2.95,3.57,3.17,2.7,3.67,3.68,3.71,3.88,4.22,4.2,4.8,3.39,4.06,3.86,3.75,3.67,3.17,3.24,2.89,2.73,2.8,3.09,2.72,2.56,2.54
Uganda,22.17,21.47,21.3,20.04,19.19,17.51,16.34,13.81,13.62,13.01,13.28,13.88,13.28,13,12.69,12.51,11.81,11.45,10.93,10.69,10.62,10.12,10.13,10.27,10.22,10.18,10.09,10.3,11.52,11.29,12.28,11.99
Ukraine,12.38,13.57,13.11,13.54,14.96,16.83,17.13,16.9,16.29,16.25,15.2,14,13.44,12.74,11.49,11.08,9.89,9.4,8.88,8.89,9.88,8.96,8.66,8.21,8.31,8.09,7.79,7.43,7.51,6.95,6.98,..
United Arab Emirates,4.19,4.78,4.4,4.57,4.74,4.72,4.71,4.6,4.69,4.64,4.08,5.6,5.4,4.88,4.4,4.47,4.23,4.45,5.1,5.76,5.48,5.07,5.11,5.15,5.6,5.88,6.07,4.97,5.04,5.22,5.5,..
United Kingdom of Great Britain and Northern Ireland,4.82,5.04,5.01,4.93,4.79,4.68,4.76,4.41,4.32,4.21,4.07,4.01,3.87,3.82,3.69,3.61,3.46,3.26,3.22,3.16,3.21,2.94,2.97,2.87,2.62,2.58,2.49,2.4,2.33,2.22,2.24,2.23
United Republic of Tanzania,9.34,9.46,9.67,10.24,12.03,12.25,11.94,11.69,12,12.17,12.3,12.02,11.77,11.47,11.04,10.84,10.51,9.93,9.57,9.33,9.09,8.75,8.44,8.29,7.65,7.39,7.05,6.75,6.52,6.64,6.55,..
United States of America,7.94,8.01,7.89,7.82,7.65,7.55,7.44,7.19,6.94,6.8,6.72,6.53,6.5,6.33,6.23,6.04,5.82,5.81,5.65,5.52,5.5,5.34,5.13,5.13,5.07,4.89,4.75,4.63,4.63,4.52,4.31,4.21
United States Virgin Islands,..,..,..,..,..,..,..,..,..,..,..,..,..,..,..,..,..,..,..,..,..,..,..,..,..,..,..,..,..,..,..,..
Uruguay,2.74,2.87,2.94,2.67,2.37,2.58,2.69,2.52,2.48,2.76,2.7,2.47,2.48,2.48,2.69,2.6,2.7,2.53,3.05,2.89,2.63,2.71,2.79,2.62,2.58,2.75,2.82,2.71,2.79,2.75,2.91,..
Uzbekistan,26.59,27.08,28.63,30.45,31.75,27.16,27.71,26.83,26.77,26.74,26.48,25.69,25.61,23.77,21.86,19.33,18.57,16.56,15.63,13.21,13.35,12.79,10.42,9.6,8.38,7.47,7.45,7.5,8.63,7.99,7.54,..
Vanuatu,2.92,2.94,2.87,2.95,2.8,2.96,3.5,3.59,3.56,3.89,3.67,3.89,3.83,3.68,2.94,2.8,2.42,3.43,3.25,3.64,3.65,3.66,3.4,3.31,3.98,3.56,3.67,3.29,3.77,3.5,4.32,4.85
Venezuela (Bolivarian Republic of),5.53,5.26,5.55,5.15,6.12,5.52,5.89,5.52,5.79,6.79,6.66,6,8.11,8.22,6.7,6.35,5.89,5.54,5.21,5.19,6.28,5.38,5.21,5.69,5.14,5,4.63,4.24,3.07,2.51,2.01,..
Viet Nam,5.33,5.09,4.89,4.91,4.52,4.4,4.25,4.23,4.26,4.19,4.13,4.14,4.25,4.18,4.31,4.25,4.07,4.09,4.14,4.29,4.44,4.18,4.01,3.91,4.11,3.54,3.65,3.55,3.91,4.11,4.05,..
Wallis and Futuna Islands,..,..,..,..,..,..,..,..,..,..,..,..,..,..,..,..,..,..,..,..,..,..,..,..,..,..,..,..,..,..,..,..
Yemen,2.28,2.61,2.64,2.19,2.15,2.3,2.24,2.27,2.28,2.48,2.48,2.65,2.47,2.65,2.78,2.8,2.91,2.76,2.8,2.99,2.69,2.61,2.31,3.04,2.89,1.91,1.51,1.56,1.93,1.93,1.84,..
Zambia,12.93,13.3,13.75,12.89,14.22,14.05,13.12,13.18,13.36,12.87,12.77,12.49,12.29,11.81,11.29,10.81,10.18,9.51,9.06,8.47,7.89,7.85,7.65,7.49,7.45,7.41,7.33,7.45,7.39,7.31,7.6,..
Zimbabwe,14.07,14.13,16.04,15.19,13.8,14.03,12.66,12.21,12.14,13.05,12.69,12.39,13.43,15.52,16.08,17.96,19.1,19.51,22.22,20.21,17.2,15.94,14.12,14.21,14.09,13.91,13.44,12.79,12.82,13.4,13.71,..
World,7.05,7.01,6.92,6.89,6.76,6.72,6.64,6.45,6.33,6.26,6.12,6.03,6,5.99,5.96,5.86,5.73,5.6,5.51,5.5,5.53,5.41,5.31,5.22,5.12,4.96,4.85,4.78,4.73,4.65,4.63,..
Northern America (M49) and Europe (M49),7.08,7.14,7,6.97,6.73,6.67,6.65,6.4,6.22,6.08,5.93,5.82,5.74,5.7,5.58,5.44,5.25,5.09,4.99,4.91,4.96,4.8,4.71,4.65,4.53,4.41,4.35,4.28,4.26,4.14,4.06,..
Northern America (M49),8.1,8.18,8.08,8.02,7.86,7.75,7.65,7.4,7.14,7,6.91,6.72,6.67,6.53,6.42,6.23,6.01,5.96,5.8,5.67,5.63,5.49,5.29,5.28,5.23,5.05,4.95,4.84,4.83,4.72,4.51,..
Europe (M49),6.48,6.52,6.32,6.28,5.96,5.93,5.95,5.68,5.55,5.38,5.19,5.16,5.06,5.09,4.96,4.85,4.69,4.46,4.42,4.36,4.47,4.3,4.27,4.18,3.99,3.92,3.89,3.84,3.81,3.69,3.71,..
Latin America and the Caribbean (MDG=M49),3.97,3.94,3.93,3.82,3.85,3.84,3.87,3.82,3.86,3.96,3.86,3.85,3.99,4.02,3.93,3.9,3.81,3.72,3.67,3.65,3.67,3.58,3.59,3.63,3.58,3.53,3.48,3.39,3.27,3.27,3.31,..
Central Asia (M49) and Southern Asia (MDG=M49),7.58,7.65,7.53,7.45,7.48,7.27,6.91,6.95,6.8,6.79,6.59,6.45,6.36,6.11,6.1,5.95,5.86,5.76,5.89,5.79,5.65,5.6,5.55,5.43,5.31,5.06,4.86,4.84,4.82,4.65,4.64,..
Central Asia (M49),17.3,18.66,19.67,19.31,20.77,19.8,18.38,17.09,17.36,16.72,15.69,13.87,13.62,13.41,13.59,12.2,12.26,11.66,11.79,10.32,10.52,10.57,9.45,9.2,7.6,6.72,7.13,6.98,7.57,7.12,6.77,..
Southern Asia (MDG=M49),6.3,6.37,6.31,6.38,6.47,6.43,6.18,6.31,6.16,6.2,6.04,5.98,5.88,5.63,5.6,5.53,5.42,5.34,5.46,5.47,5.31,5.24,5.27,5.15,5.14,4.94,4.71,4.69,4.63,4.48,4.48,..
Eastern Asia (M49) and South-eastern Asia (MDG=M49),8.24,7.81,7.71,7.7,7.6,7.58,7.38,7.19,7.15,7.09,6.95,6.81,6.78,6.94,7.15,7.11,7.03,6.81,6.6,6.62,6.65,6.53,6.34,6.15,5.97,5.68,5.42,5.3,5.24,5.19,5.26,..
Eastern Asia (M49),9.24,8.68,8.56,8.57,8.51,8.51,8.27,8,7.8,7.7,7.51,7.34,7.31,7.53,7.79,7.8,7.73,7.5,7.22,7.24,7.31,7.19,6.98,6.76,6.53,6.21,5.89,5.76,5.68,5.63,5.7,..
South-eastern Asia (MDG=M49),4.92,4.96,4.94,4.94,4.8,4.78,4.71,4.78,5.05,5.05,5.08,5.05,5.04,4.98,5.02,4.8,4.62,4.44,4.4,4.38,4.29,4.13,4.01,3.93,3.92,3.71,3.68,3.6,3.6,3.59,3.58,..
Western Asia (M49) and Northern Africa (M49),4.58,4.55,4.61,4.68,4.76,4.72,4.66,4.59,4.48,4.45,4.41,4.64,4.77,4.63,4.4,4.4,4.4,4.38,4.44,4.64,4.65,4.57,4.58,4.4,4.51,4.48,4.46,4.42,4.3,4.33,4.33,..
Western Asia (M49),4.74,4.73,4.81,4.87,5.02,4.92,4.87,4.8,4.66,4.62,4.65,4.94,5.12,4.97,4.6,4.56,4.57,4.59,4.7,4.96,5,4.78,4.8,4.54,4.62,4.63,4.6,4.56,4.43,4.45,4.52,..
Northern Africa (M49),4.19,4.12,4.12,4.17,4.14,4.21,4.11,4.04,4.04,4.04,3.8,3.94,3.97,3.85,3.91,4.01,3.95,3.84,3.8,3.89,3.8,4.03,3.98,3.98,4.21,4.04,4.06,4,3.92,3.99,3.81,..
Sub-Saharan Africa (M49),8.27,8.53,8.63,9.02,9.13,9.19,9.02,8.91,8.9,8.89,8.73,8.49,8.07,8.21,8.1,7.77,7.49,7.35,7.3,7.18,6.95,6.95,6.74,6.57,6.54,6.29,6.38,6.26,6.16,6.15,6.28,..
Oceania (M49),6.57,6.55,6.63,6.66,6.43,6.28,6.43,6.38,6.27,6.11,6.02,5.79,5.73,5.61,5.49,5.33,5.37,5.33,5.34,5.27,5.18,5.09,4.9,4.85,4.73,4.63,4.48,4.41,4.32,4.27,4.31,..
Oceania (M49) excluding Australia and New Zealand (M49),4.71,4.48,4.48,4.15,4.07,4.02,3.94,4.07,4.19,4.03,4.14,4.36,4.39,4.51,4.67,4.46,4.4,4.94,4.38,4.35,4.04,4.14,3.93,4.2,4.15,4.07,3.94,3.81,3.96,3.94,4.13,..
Australia and New Zealand (M49),6.65,6.64,6.73,6.78,6.55,6.39,6.55,6.49,6.36,6.2,6.1,5.85,5.79,5.65,5.52,5.37,5.4,5.35,5.38,5.31,5.23,5.13,4.94,4.88,4.76,4.65,4.5,4.44,4.33,4.28,4.31,..
Least Developed Countries (LDCs),6.85,6.85,6.93,7.06,7.33,7.25,7.03,6.79,6.73,6.75,6.56,6.51,6.36,6.28,6.08,5.85,5.7,5.42,5.25,5.26,5.07,5.08,5.05,5.09,5.03,4.92,4.87,4.8,4.79,4.66,4.69,..
Small island developing States (SIDS),3.97,3.89,3.98,3.99,4.21,3.84,3.89,3.95,3.81,3.64,3.8,3.94,3.86,4.04,4.06,3.48,3.43,3.26,3.25,3.28,3.09,2.91,2.95,2.92,2.96,2.96,2.88,2.85,2.72,2.74,2.69,..
Landlocked developing countries (LLDCs),13.38,13.96,14.35,13.94,14.3,13.51,12.56,11.92,11.97,11.64,11.18,10.55,10.37,10.28,10.19,9.53,9.28,8.77,8.68,7.96,7.87,7.9,7.4,7.22,6.55,6.15,6.32,6.21,6.45,6.22,6.17,..
Africa (M49),6.7,6.79,6.82,7.05,7.08,7.16,7.01,6.9,6.88,6.85,6.64,6.57,6.36,6.38,6.36,6.21,6.03,5.91,5.87,5.84,5.68,5.84,5.69,5.61,5.7,5.47,5.52,5.42,5.33,5.34,5.36,..
Asia (M49),7.54,7.3,7.22,7.21,7.19,7.13,6.91,6.79,6.7,6.66,6.53,6.47,6.46,6.48,6.56,6.49,6.42,6.27,6.18,6.21,6.21,6.09,5.96,5.78,5.65,5.41,5.19,5.11,5.05,4.98,5.04,..
Americas (m49),6.84,6.85,6.79,6.7,6.59,6.53,6.47,6.27,6.12,6.08,6,5.86,5.87,5.79,5.68,5.53,5.34,5.26,5.12,5.02,4.99,4.85,4.72,4.73,4.68,4.54,4.47,4.37,4.33,4.26,4.13,..
Caribbean (M49),..,..,..,..,..,..,..,..,..,..,..,..,..,..,..,..,..,..,..,..,..,..,..,..,..,..,..,..,..,..,..,..
Central America (M49),4.06,4.1,4.01,3.98,3.89,4,3.85,3.8,3.73,3.74,3.58,3.7,3.75,3.93,3.87,3.96,3.86,3.76,3.71,3.84,3.64,3.66,3.62,3.57,3.42,3.28,3.21,3.06,3.05,3.05,3.2,..
Eastern Africa (M49),10.65,10.89,11.41,11.28,11.7,11.64,11.19,10.99,11.06,11.03,11,10.85,10.96,10.98,10.66,10.44,10.08,9.46,9.24,9.09,8.61,8.45,8.17,8.08,7.89,7.73,7.53,7.36,7.34,7.16,7.27,..
Eastern Europe (M49),11.21,11.74,12,12.15,11.9,11.99,12.02,11.44,11.26,10.91,10.25,9.91,9.5,9.26,8.66,8.26,7.84,7.3,7.03,6.96,7.23,7.07,6.89,6.57,6.45,6.33,6.38,6.32,6.42,6.18,6.23,..
Melanesia (M49),5.44,5.11,4.74,4.3,4.2,4.15,4.04,4.2,4.34,4.16,4.31,4.61,4.66,4.81,5.02,4.79,4.72,5.37,4.71,4.63,4.25,4.37,4.12,4.44,4.36,4.25,4.11,3.94,4.13,4.09,4.32,..
Micronesia (M49),6.68,7.58,13.63,14.05,13.97,13.55,13.93,14.48,14.7,14.74,15.26,14.81,14.51,14.46,14.26,13.54,13.44,14.06,13.88,14.51,14.33,14.61,14.09,13.81,13.52,13.3,12.92,13.58,13.16,13.14,11.73,..
Middle Africa (M49),5.31,5.48,5.89,6.98,6.97,6.74,6.51,6.38,6.26,6.32,6.34,6.23,6.05,6.13,5.91,5.49,5.37,5.04,4.92,5.1,5.11,5.06,5.38,5.56,5.77,5.54,5.59,5.53,5.68,5.58,5.67,..
Northern Europe (M49),5.36,5.59,5.39,5.36,5.25,5.09,5.17,4.83,4.72,4.55,4.34,4.33,4.21,4.19,4.08,3.93,3.8,3.61,3.62,3.58,3.67,3.37,3.4,3.32,3.07,2.93,2.89,2.81,2.75,2.6,2.58,..
Polynesia (M49),..,..,..,..,..,..,..,..,..,..,..,..,..,..,..,..,..,..,..,..,..,..,..,..,..,..,..,..,..,..,..,..
South America (M49),3.96,3.91,3.93,3.79,3.86,3.82,3.91,3.85,3.96,4.11,4,3.92,4.13,4.09,3.99,3.9,3.81,3.73,3.69,3.62,3.72,3.58,3.62,3.71,3.69,3.69,3.67,3.61,3.43,3.43,3.43,..
Southern Africa (M49),8.79,9.15,8.91,9.37,9.51,9.71,9.57,9.5,9.64,9.26,8.93,8.42,7.73,8.38,8.7,7.98,7.69,7.91,8.29,8.54,7.72,7.6,7.12,6.87,7.14,6.7,6.88,6.77,6.5,6.45,6.66,..
Southern Europe (M49),3.42,3.41,3.4,3.38,3.31,3.43,3.38,3.41,3.44,3.4,3.36,3.33,3.34,3.41,3.41,3.4,3.29,3.22,3.16,3.1,3.1,3.06,3.06,2.96,2.82,2.87,2.81,2.83,2.75,2.66,2.7,..
Western Africa (M49),7.67,7.88,7.91,8.11,8.05,8.13,8.11,8.05,7.92,8.17,8.02,7.92,7.44,7.3,7.06,7.02,6.73,6.64,6.43,6.01,6.21,6.38,6.21,5.93,5.74,5.52,5.68,5.56,5.42,5.53,5.65,..
Western Europe (M49),4.8,4.74,4.59,4.62,4.47,4.48,4.62,4.45,4.36,4.19,4.08,4.13,4.07,4.13,4.09,4.02,3.92,3.69,3.69,3.67,3.73,3.47,3.46,3.49,3.27,3.26,3.2,3.13,3.03,2.95,2.89,..
Developing regions (MDG),7.13,6.99,6.9,6.86,6.8,6.77,6.6,6.45,6.38,6.36,6.22,6.17,6.19,6.24,6.26,6.2,6.11,5.97,5.88,5.9,5.88,5.81,5.71,5.58,5.48,5.27,5.1,5.01,4.94,4.9,4.97,..
Developed regions (MDG),6.77,6.78,6.67,6.65,6.47,6.41,6.39,6.18,6.03,5.92,5.78,5.68,5.61,5.56,5.46,5.32,5.16,5.01,4.91,4.85,4.9,4.72,4.62,4.56,4.44,4.32,4.26,4.19,4.16,4.05,3.98,..
